Time (yrs),225,275,325,375,425,475,525,575,625,675,725,775,825,875,925,975,1025,1075,1125,1175,1225,1275,1325,1375,1425,1475,1525,1575,1625,1675,1725,1775,1825,1875,1925,1975
0,0,3,10,10,713,886,3665,2338,226,112,66,155,52,24,38,18,3,51,6,314,324,0,2,0,39,59,4,0,0,2,1,1,0,1,0,1
1,0,2,3,6,637,803,5663,2394,512,171,77,136,45,21,127,128,44,79,46,347,286,2,10,0,34,60,3,0,0,1,0,0,0,0,0,0
2,0,2,3,6,571,731,6966,2579,759,343,83,124,43,18,161,158,153,179,245,441,313,2,20,12,44,53,3,0,0,1,0,0,0,0,0,0
3,0,2,3,5,509,684,6534,2831,843,461,98,167,43,64,221,256,259,227,354,618,384,2,58,55,81,47,2,0,0,1,0,0,0,0,0,0
4,0,2,4,9,835,1020,6802,2950,1305,536,107,224,78,97,326,363,349,207,540,644,386,11,95,74,92,46,2,0,0,1,0,0,0,0,0,0
5,1,6,17,46,1345,2496,7124,3049,2163,789,120,415,308,149,379,387,403,206,820,758,463,9,105,116,130,45,2,0,0,1,0,0,0,0,0,0
6,4,17,51,140,2211,3514,8080,4172,3527,970,232,441,338,148,416,440,411,182,1263,827,473,16,149,172,171,61,10,0,0,0,0,0,0,0,0,0
7,5,24,71,183,2974,4038,9074,4670,4168,1194,253,590,499,175,436,477,455,205,1869,765,418,14,152,156,162,58,22,0,0,0,0,0,0,0,0,0
8,9,36,109,286,3586,5050,9920,5699,5020,1643,716,559,487,180,488,777,726,185,3046,772,420,19,241,182,197,63,27,0,0,0,0,0,0,0,0,1
9,12,47,142,376,4355,5755,10351,6316,5670,1763,986,715,636,190,532,924,879,191,2965,773,408,17,295,173,188,65,33,0,0,0,0,0,0,0,0,1
10,13,54,161,424,4576,5889,11267,6615,6147,2102,1208,853,758,210,532,1009,946,175,2900,757,387,20,307,177,189,73,35,0,0,0,0,0,0,0,0,1
11,12,48,144,371,4594,6353,14570,6863,6514,2282,1112,881,795,213,626,1049,909,188,3101,790,344,32,351,156,172,81,40,0,0,0,0,0,0,0,0,0
12,12,50,151,396,4581,6127,15645,7678,7176,2758,1035,1127,1048,214,639,998,944,261,3313,913,377,28,413,154,163,81,44,0,0,0,0,0,0,0,0,0
13,12,46,139,360,4047,5894,14667,8131,7244,2782,1071,1212,1052,208,660,1016,1010,308,3146,1044,447,25,498,176,191,80,48,0,0,0,0,0,0,0,0,0
14,5,23,67,158,3443,5314,13573,7060,6401,2584,967,1145,966,226,699,1025,1008,280,2980,1006,425,26,489,181,190,76,42,0,0,0,0,0,0,0,0,0
15,3,15,45,115,3518,6139,12910,6339,6309,2594,881,1233,1084,258,709,981,980,278,2965,1077,497,23,452,214,213,72,37,0,0,0,0,0,0,0,0,0
16,6,24,73,197,4224,6848,13284,7053,7146,2659,905,1159,1029,252,691,966,927,246,3151,1121,495,23,461,252,249,86,40,0,0,0,0,0,0,0,0,0
17,7,28,84,216,4592,6887,13380,7074,7083,2586,864,1235,1145,266,684,946,907,256,3540,1026,437,20,458,229,229,85,44,0,0,0,0,0,0,0,0,0
18,9,36,110,285,4943,7352,13640,7473,7370,2839,1249,1113,1028,260,708,1171,1143,231,4514,1019,430,25,481,250,253,90,45,0,0,0,0,0,0,0,0,1
19,12,47,143,379,5579,7788,13606,7808,7723,2815,1462,1207,1114,269,714,1292,1233,226,4268,997,411,22,507,236,235,87,49,0,0,0,0,0,0,0,0,1
20,13,54,163,427,5750,7936,14250,8051,7980,3040,1653,1276,1189,278,701,1380,1229,207,4152,968,388,23,496,231,232,90,52,0,0,0,0,0,0,0,0,1
21,12,49,147,379,5539,8010,17221,8119,8167,3184,1487,1265,1167,277,768,1358,1157,216,4095,979,343,32,520,204,210,96,54,0,0,0,0,0,0,0,0,0
22,13,50,152,399,5390,7450,17760,8555,8461,3461,1365,1473,1371,251,733,1267,1149,290,4190,1027,368,28,563,194,198,95,55,0,0,0,0,0,0,0,0,0
23,12,46,138,358,4752,7057,16496,8896,8381,3386,1381,1492,1363,273,738,1274,1189,341,3883,1179,443,25,631,217,217,91,59,0,0,0,0,0,0,0,0,0
24,6,24,70,167,4095,6374,15323,7796,7453,3120,1240,1393,1240,288,774,1264,1167,312,3656,1139,440,29,604,211,218,85,52,0,0,0,0,0,0,0,0,0
25,4,15,46,117,4087,7075,14442,7004,7220,3068,1122,1456,1323,311,780,1183,1125,304,3565,1210,494,25,554,234,244,81,46,0,0,0,0,0,0,0,0,0
26,5,21,65,175,4571,7408,14459,7399,7758,2986,1114,1348,1247,295,762,1140,1056,268,3686,1228,498,28,547,264,284,91,51,0,0,0,0,0,0,0,0,0
27,6,26,79,204,5045,7467,14580,7407,7732,2954,1043,1394,1300,307,748,1083,1027,282,4005,1123,440,25,504,237,262,88,54,0,0,0,0,0,0,0,0,0
28,9,38,115,302,5401,8052,14734,8014,8081,3190,1413,1277,1186,299,769,1283,1256,250,4926,1107,430,28,552,258,281,87,59,0,0,0,0,0,0,0,0,2
29,12,48,147,389,5958,8420,14535,8267,8328,3147,1595,1355,1250,302,780,1368,1342,241,4629,1083,410,25,569,245,257,87,59,0,0,0,0,0,0,0,0,1
30,14,54,164,431,5967,8213,14943,8331,8411,3311,1762,1422,1294,304,752,1422,1340,221,4365,1036,389,25,552,236,254,91,60,0,0,0,0,0,0,0,0,1
31,12,48,146,376,5827,8409,17787,8356,8488,3334,1597,1378,1276,297,833,1401,1263,222,4394,1038,345,35,569,209,230,93,64,0,0,0,0,0,0,0,0,1
32,13,50,152,399,5672,7932,18504,8949,8909,3688,1463,1571,1470,288,817,1317,1259,290,4457,1134,374,31,607,193,221,90,67,0,0,0,0,0,0,0,0,1
33,12,46,139,360,5003,7450,17230,9182,8828,3591,1456,1579,1446,274,800,1332,1274,329,4144,1247,450,27,669,218,235,86,70,0,0,0,0,0,0,0,0,1
34,6,23,67,158,4287,6703,15825,7990,7778,3299,1306,1464,1317,287,816,1315,1231,299,3862,1184,428,31,636,218,228,81,62,0,0,0,0,0,0,0,0,1
35,3,14,44,115,4276,7364,14888,7148,7513,3226,1181,1523,1389,299,837,1217,1182,287,3753,1236,498,28,583,235,259,76,55,0,0,0,0,0,0,0,0,0
36,6,24,74,202,4907,7942,15041,7806,8197,3217,1169,1420,1291,285,814,1173,1101,253,3854,1252,500,33,570,276,285,90,57,0,0,0,0,0,0,0,0,0
37,7,28,85,220,5194,7854,14912,7739,7985,3074,1103,1504,1340,296,797,1120,1062,268,4161,1138,442,29,555,247,263,87,60,0,0,0,0,0,0,0,0,0
38,9,36,110,286,5469,8197,14995,7996,8205,3289,1456,1346,1200,288,806,1309,1298,239,5069,1104,440,31,567,268,282,90,61,0,0,0,0,0,0,0,0,1
39,12,47,143,380,6048,8527,14802,8285,8443,3210,1640,1395,1282,284,821,1392,1382,232,4753,1078,423,27,583,252,259,82,69,0,0,0,0,0,0,0,0,1
40,14,53,163,427,6167,8558,15336,8415,8691,3376,1813,1438,1344,282,804,1443,1388,214,4597,1029,392,29,563,247,251,86,69,0,0,0,0,0,0,0,0,1
41,12,48,146,377,5907,8547,18190,8433,8814,3469,1632,1411,1299,271,872,1409,1306,216,4481,1039,347,38,578,218,228,94,72,0,0,0,0,0,0,0,0,1
42,13,50,151,397,5720,7913,18652,8883,8975,3717,1493,1591,1500,242,845,1296,1281,284,4531,1074,383,34,614,206,214,92,72,0,0,0,0,0,0,0,0,0
43,11,45,137,355,5044,7470,17282,9196,8813,3637,1477,1607,1464,260,842,1297,1312,323,4195,1227,447,30,676,225,234,90,72,0,0,0,0,0,0,0,0,0
44,6,24,70,167,4357,6753,16010,8057,7839,3340,1327,1502,1325,277,860,1286,1277,296,3936,1171,449,30,646,218,234,85,63,0,0,0,0,0,0,0,0,0
45,4,15,46,117,4314,7410,15047,7220,7568,3262,1200,1548,1400,303,855,1204,1221,277,3825,1225,516,26,591,250,248,78,56,0,0,0,0,0,0,0,0,0
46,5,21,65,175,4752,7731,14979,7633,8007,3153,1187,1443,1302,291,824,1163,1138,245,3914,1246,515,30,579,287,277,85,62,0,0,0,0,0,0,0,0,0
47,6,26,79,203,5191,7723,15080,7562,7993,3103,1104,1479,1344,301,800,1123,1089,266,4204,1139,455,26,532,258,256,83,64,0,0,0,0,0,0,0,0,0
48,9,37,113,296,5539,8256,15217,8163,8296,3323,1472,1350,1226,300,813,1304,1321,239,5108,1107,451,30,577,275,277,89,63,0,0,0,0,0,0,0,0,1
49,12,48,145,385,6065,8591,14963,8389,8563,3225,1653,1405,1301,295,820,1401,1391,233,4789,1073,436,26,592,258,256,90,62,0,0,0,0,0,0,0,0,1
50,14,54,164,431,6079,8371,15307,8436,8624,3398,1806,1446,1357,293,794,1440,1394,214,4512,1024,408,28,570,253,248,93,64,0,0,0,0,0,0,0,0,1
